{"path": "OUTCAR", "energy": -2048.35415647, "length_of_vectors": [10.780002084, 10.780002084, 10.780002084], "quadrupole_moment": null, "fermi_contact": [-2.067, 136.893, -0.932, -0.481, -0.932, 1.738, 2.738, -0.481, 2.738, 0.048, -0.932, 1.738, 2.738, 1.738, -0.083, 0.002, 2.738, 0.002, 0.028, -0.481, 2.738, 0.048, 2.738, 0.002, 0.028, 0.048, 0.028, -0.025, 2.13, 0.407, 2.131, 15.543, 0.158, 0.407, 0.158, 0.04, 2.131, 15.543, 0.158, 15.543, -0.355, 0.403, 0.158, 0.403, 0.051, 0.407, 0.158, 0.04, 0.158, 0.403, 0.051, 0.04, 0.051, 0.032, -8.494, -0.117, -5.853, -0.117, -0.216, -0.093, -5.853, -0.093, -0.049, -0.613, -0.058, -0.79, -0.058, -0.036, -0.108, -0.79, -0.108, -0.7, -1.013, -0.094, -0.279, -0.094, -0.007, 0.068, -0.279, 0.068, -0.038, 0.551, 3.635, 0.551, 1.488, -0.167, 3.635, -0.167, 0.026, 4.785, 0.167, 16.354, 0.167, 0.065, 0.649, 16.354, 0.649, 0.51, 0.236, 1.26, 0.184, 1.26, 0.141, 0.053, 0.184, 0.053, 0.044, -8.494, -0.117, -5.853, -0.613, -0.058, -0.79, -1.013, -0.094, -0.279, -0.117, -0.216, -0.093, -0.058, -0.036, -0.108, -0.094, -0.007, 0.068, -5.853, -0.093, -0.049, -0.79, -0.108, -0.7, -0.279, 0.068, -0.038, 136.893, 0.551, 3.635, 4.785, 0.167, 16.354, 0.236, 1.26, 0.184, 0.551, 1.488, -0.167, 0.167, 0.065, 0.649, 1.26, 0.141, 0.053, 3.635, -0.167, 0.026, 16.354, 0.649, 0.51, 0.184, 0.053, 0.044, -8.494, -0.613, -1.013, -0.117, -0.058, -0.094, -5.853, -0.79, -0.279, -0.117, -0.058, -0.094, -0.216, -0.036, -0.007, -0.093, -0.108, 0.068, -5.853, -0.79, -0.279, -0.093, -0.108, 0.068, -0.049, -0.7, -0.038, 136.893, 4.785, 0.236, 0.551, 0.167, 1.26, 3.635, 16.354, 0.184, 0.551, 0.167, 1.26, 1.488, 0.065, 0.141, -0.167, 0.649, 0.053, 3.635, 16.354, 0.184, -0.167, 0.649, 0.053, 0.026, 0.51, 0.044], "dipolar": [[0.0, 0.0, -0.0, 0.096, 0.096, 0.096], [1.945, -0.972, -0.972, -26.533, -26.533, 24.854], [-0.329, -0.329, 0.659, -0.137, -0.016, -0.016], [-0.271, -0.271, 0.542, 0.068, 0.153, 0.153], [-0.329, 0.659, -0.329, -0.016, -0.137, -0.016], [-0.225, 0.113, 0.113, 0.271, 0.271, 0.409], [-0.353, 0.139, 0.214, -0.354, 0.356, -0.63], [-0.271, 0.542, -0.271, 0.153, 0.068, 0.153], [-0.353, 0.214, 0.139, 0.356, -0.354, -0.63], [-0.188, 0.094, 0.094, 0.032, 0.032, 0.116], [0.659, -0.329, -0.329, -0.016, -0.016, -0.137], [0.113, -0.225, 0.113, 0.271, 0.409, 0.271], [0.139, -0.353, 0.214, -0.354, -0.63, 0.356], [0.113, 0.113, -0.225, 0.409, 0.271, 0.271], [0.0, 0.0, -0.0, 0.032, 0.032, 0.032], [-0.01, -0.01, 0.02, 0.069, -0.074, -0.074], [0.139, 0.214, -0.353, -0.63, -0.354, 0.356], [-0.01, 0.02, -0.01, -0.074, 0.069, -0.074], [-0.04, 0.02, 0.02, -0.047, -0.047, 0.037], [0.542, -0.271, -0.271, 0.153, 0.153, 0.068], [0.214, -0.353, 0.139, 0.356, -0.63, -0.354], [0.094, -0.188, 0.094, 0.032, 0.116, 0.032], [0.214, 0.139, -0.353, -0.63, 0.356, -0.354], [0.02, -0.01, -0.01, -0.074, -0.074, 0.069], [0.02, -0.04, 0.02, -0.047, 0.037, -0.047], [0.094, 0.094, -0.188, 0.116, 0.032, 0.032], [0.02, 0.02, -0.04, 0.037, -0.047, -0.047], [-0.0, -0.0, 0.0, 0.014, 0.014, 0.014], [-0.04, -0.04, 0.08, -0.666, -0.379, -0.379], [-0.127, -0.127, 0.254, 0.04, 0.117, 0.117], [-0.04, 0.08, -0.04, -0.379, -0.666, -0.379], [0.062, -0.031, -0.031, -1.787, -1.787, 1.886], [-0.11, -0.121, 0.232, -0.049, 0.093, -0.054], [-0.127, 0.254, -0.127, 0.117, 0.04, 0.117], [-0.11, 0.232, -0.121, 0.093, -0.049, -0.054], [-0.106, 0.053, 0.053, -0.032, -0.032, 0.027], [0.08, -0.04, -0.04, -0.379, -0.379, -0.666], [-0.031, 0.062, -0.031, -1.787, 1.886, -1.787], [-0.121, -0.11, 0.232, -0.049, -0.054, 0.093], [-0.031, -0.031, 0.062, 1.886, -1.787, -1.787], [0.0, 0.0, -0.0, 0.119, 0.119, 0.119], [-0.078, -0.078, 0.156, 0.157, -0.194, -0.194], [-0.121, 0.232, -0.11, -0.054, -0.049, 0.093], [-0.078, 0.156, -0.078, -0.194, 0.157, -0.194], [-0.087, 0.044, 0.044, -0.01, -0.01, -0.026], [0.254, -0.127, -0.127, 0.117, 0.117, 0.04], [0.232, -0.11, -0.121, 0.093, -0.054, -0.049], [0.053, -0.106, 0.053, -0.032, 0.027, -0.032], [0.232, -0.121, -0.11, -0.054, 0.093, -0.049], [0.156, -0.078, -0.078, -0.194, -0.194, 0.157], [0.044, -0.087, 0.044, -0.01, -0.026, -0.01], [0.053, 0.053, -0.106, 0.027, -0.032, -0.032], [0.044, 0.044, -0.087, -0.026, -0.01, -0.01], [0.0, 0.0, -0.0, -0.012, -0.012, -0.012], [-0.444, 0.222, 0.222, 0.137, 0.137, 1.071], [-0.206, -0.15, 0.357, -0.009, 0.051, 0.034], [-0.268, -0.054, 0.322, -0.805, 0.706, -1.396], [-0.206, 0.357, -0.15, 0.051, -0.009, 0.034], [-0.234, 0.117, 0.117, 0.092, 0.092, -0.16], [-0.179, 0.267, -0.088, -0.007, 0.003, -0.002], [-0.268, 0.322, -0.054, 0.706, -0.805, -1.396], [-0.179, -0.088, 0.267, 0.003, -0.007, -0.002], [-0.338, 0.169, 0.169, 0.027, 0.027, 0.632], [0.2, -0.1, -0.1, 0.16, 0.16, 0.031], [-0.004, -0.115, 0.119, 0.031, -0.014, 0.004], [0.363, -0.204, -0.159, 0.217, -0.208, -0.111], [-0.004, 0.119, -0.115, -0.014, 0.031, 0.004], [-0.036, 0.018, 0.018, -0.002, -0.002, -0.02], [-0.023, 0.114, -0.091, 0.022, -0.03, -0.002], [0.363, -0.159, -0.204, -0.208, 0.217, -0.111], [-0.023, -0.091, 0.114, -0.03, 0.022, -0.002], [0.109, -0.054, -0.054, -0.124, -0.124, -0.008], [0.421, -0.211, -0.211, -0.186, -0.186, 0.067], [0.032, -0.129, 0.097, -0.019, -0.028, 0.026], [0.213, -0.192, -0.021, -0.062, 0.164, -0.036], [0.032, 0.097, -0.129, -0.028, -0.019, 0.026], [-0.013, 0.007, 0.007, -0.012, -0.012, -0.002], [0.02, 0.055, -0.075, -0.019, 0.017, -0.016], [0.213, -0.021, -0.192, 0.164, -0.062, -0.036], [0.02, -0.075, 0.055, 0.017, -0.019, -0.016], [0.125, -0.063, -0.063, 0.09, 0.09, 0.062], [-0.13, -0.182, 0.312, -0.227, 0.001, 0.08], [-0.25, -0.449, 0.698, 0.125, 0.712, 0.353], [-0.13, 0.312, -0.182, 0.001, -0.227, 0.08], [-0.095, 0.047, 0.047, -0.133, -0.133, 0.156], [-0.096, 0.129, -0.034, -0.078, 0.025, -0.092], [-0.25, 0.698, -0.449, 0.712, 0.125, 0.353], [-0.096, -0.034, 0.129, 0.025, -0.078, -0.092], [-0.153, 0.077, 0.077, 0.073, 0.073, 0.188], [0.44, -0.22, -0.22, 0.417, 0.417, -0.771], [-0.069, -0.145, 0.214, 0.007, 0.11, 0.101], [0.027, -0.188, 0.161, 1.816, -2.111, -1.849], [-0.069, 0.214, -0.145, 0.11, 0.007, 0.101], [-0.074, 0.037, 0.037, 0.019, 0.019, -0.017], [-0.074, 0.107, -0.033, 0.195, -0.166, -0.193], [0.027, 0.161, -0.188, -2.111, 1.816, -1.849], [-0.074, -0.033, 0.107, -0.166, 0.195, -0.193], [-0.124, 0.062, 0.062, -0.104, -0.104, 0.109], [0.415, -0.208, -0.208, 0.098, 0.098, 0.016], [0.126, -0.229, 0.103, -0.091, -0.304, 0.128], [0.156, -0.145, -0.011, 0.013, 0.056, -0.013], [0.126, 0.103, -0.229, -0.304, -0.091, 0.128], [0.022, -0.011, -0.011, -0.069, -0.069, 0.038], [0.034, 0.002, -0.035, -0.011, 0.009, -0.036], [0.156, -0.011, -0.145, 0.056, 0.013, -0.013], [0.034, -0.035, 0.002, 0.009, -0.011, -0.036], [0.058, -0.029, -0.029, 0.011, 0.011, 0.031], [0.222, -0.444, 0.222, 0.137, 1.071, 0.137], [-0.15, -0.206, 0.357, -0.009, 0.034, 0.051], [-0.054, -0.268, 0.322, -0.805, -1.396, 0.706], [-0.1, 0.2, -0.1, 0.16, 0.031, 0.16], [-0.115, -0.004, 0.119, 0.031, 0.004, -0.014], [-0.204, 0.363, -0.159, 0.217, -0.111, -0.208], [-0.211, 0.421, -0.211, -0.186, 0.067, -0.186], [-0.129, 0.032, 0.097, -0.019, 0.026, -0.028], [-0.192, 0.213, -0.021, -0.062, -0.036, 0.164], [0.357, -0.206, -0.15, 0.051, 0.034, -0.009], [0.117, -0.234, 0.117, 0.092, -0.16, 0.092], [0.267, -0.179, -0.088, -0.007, -0.002, 0.003], [0.119, -0.004, -0.115, -0.014, 0.004, 0.031], [0.018, -0.036, 0.018, -0.002, -0.02, -0.002], [0.114, -0.023, -0.091, 0.022, -0.002, -0.03], [0.097, 0.032, -0.129, -0.028, 0.026, -0.019], [0.007, -0.013, 0.007, -0.012, -0.002, -0.012], [0.055, 0.02, -0.075, -0.019, -0.016, 0.017], [0.322, -0.268, -0.054, 0.706, -1.396, -0.805], [-0.088, -0.179, 0.267, 0.003, -0.002, -0.007], [0.169, -0.338, 0.169, 0.027, 0.632, 0.027], [-0.159, 0.363, -0.204, -0.208, -0.111, 0.217], [-0.091, -0.023, 0.114, -0.03, -0.002, 0.022], [-0.054, 0.109, -0.054, -0.124, -0.008, -0.124], [-0.021, 0.213, -0.192, 0.164, -0.036, -0.062], [-0.075, 0.02, 0.055, 0.017, -0.016, -0.019], [-0.063, 0.125, -0.063, 0.09, 0.062, 0.09], [-0.972, 1.945, -0.972, -26.533, 24.854, -26.533], 